model_tag,layer,n_target,n_control,target_control_centroid_l2,target_control_centroid_cosdist,target_control_projection_gap,target_control_projection_gap_z,target_control_axis_auc_like,target_to_question_centroid_l2,control_to_question_centroid_l2,target_minus_control_to_question_l2,target_to_question_cosdist,control_to_question_cosdist,loo_question_balanced_acc,loo_question_auc_like,loo_question_projection_gap,loo_question_folds
base,0,10,10,0.0,6.072919944699606e-14,0.0,0.0,0.25,0.0,0.0,0.0,6.072919944699606e-14,6.072919944699606e-14,0.0,0.25,0.0,10
base,1,10,10,12.308615827841509,9.10503399290663e-05,12.308615827840299,0.061243932425560504,0.28,89.75716501709118,88.89713786398052,0.8600271531106642,0.006532300264778912,0.006399697677564653,0.5,0.45,9.128724564198755,10
base,2,10,10,14.59334651988472,0.00017370107595449102,14.593346519883724,0.19023652619118228,0.335,98.37231168633654,97.25104409345202,1.1212675928845215,0.008005876703905845,0.007874135383093228,0.55,0.5,10.37979022260597,10
base,3,10,10,31.14285687203728,0.0004918615324205344,31.14285687203642,0.1263643760321871,0.295,129.59331085345949,126.69756283302327,2.8957480204362156,0.013737866760045292,0.012181114767761514,0.5,0.5,29.33433235695852,10
base,4,10,10,22.786417304403237,0.0006297788673714777,22.786417304402192,0.13382162578255782,0.3,135.0878372260322,128.62160840836933,6.466228817662881,0.024855096204764227,0.022231398227406052,0.5,0.5,19.52035415492682,10
base,5,10,10,31.284513978570747,0.00039369689347601433,31.284513978569805,0.40320721104407536,0.32,242.51456672016272,253.4323832470168,-10.917816526854068,0.01631947295212588,0.016652455974495606,0.6,0.4,26.29508277988058,10
base,6,10,10,44.60624262466939,0.000803905052960241,44.60624262466834,1.6753537948992958,0.44,186.77010984186106,184.726915423476,2.0431944183850703,0.013556381596236178,0.013016785702784084,0.65,0.5,38.04643207041774,10
base,7,10,10,64.8098940794728,0.0014308309350610227,64.80989407947195,0.6661373390177757,0.37,211.87538513054022,212.49308127200322,-0.617696141463,0.013066629165337962,0.012569590916590379,0.5,0.35,22.570992177812524,10
base,8,10,10,76.53102085101092,0.000608737338813059,76.53102085100966,0.3898567392015026,0.335,206.49784491496283,205.40630479525092,1.0915401197119081,0.004525288568868691,0.004309078424506563,0.55,0.45,50.80725232584341,10
base,9,10,10,81.85437910024885,0.00030296630894022236,81.8543791002478,0.9284234190931283,0.395,296.53765174006884,285.21599529721885,11.321656442849985,0.001955591730811057,0.0018202806475468014,0.6,0.5,56.656791553374866,10
base,10,10,10,107.89833112398706,0.00040100953667254746,107.89833112398537,0.2282381078095747,0.33,319.9895047659252,342.9071690257604,-22.91766425983525,0.0018643978901120573,0.0017793442234552703,0.55,0.45,65.9502146590473,10
base,11,10,10,124.29988504029897,0.00015919890250537527,124.29988504029794,3.833929923654429,0.5,396.74523644785154,391.13494601037166,5.610290437479875,0.0006994897458503235,0.0006710094983286563,0.6,0.45,58.30384218024134,10
base,12,10,10,394.33429861413725,0.0002504449684191945,394.3342986141388,0.21930875570167638,0.33,308.5862152352447,476.5211424427606,-167.9349272075159,0.0008367959218337218,0.000724025401074635,0.5,0.5,378.3005625190891,10
base,13,10,10,387.72374854045785,0.0002464296894727491,387.723748540453,0.21946520859409224,0.305,415.433791207912,659.0844704841809,-243.65067927626887,0.0007585033231792826,0.0006704811734811189,0.55,0.4,359.88151742613866,10
base,14,10,10,881.6686948305769,0.00012492677506603656,881.6686948305669,0.36150143587835326,0.325,393.1340421666531,879.4065614080439,-486.2725192413908,0.0003423635489153698,0.0002977719154603209,0.5,0.5,869.4869195194433,10
base,15,10,10,1132.5478490280561,9.673299534540547e-05,1132.5478490280548,0.3880076975771672,0.325,476.9103751646636,1033.5196862369583,-556.6093110722946,0.00026502138362705097,0.00024011261402945294,0.5,0.5,1118.6867619076995,10
base,16,10,10,1076.4500502014373,7.602464703804213e-05,1076.4500502014307,0.4863979631793401,0.325,529.9116172988528,1299.1863025543373,-769.2746852554845,0.00021451012999795793,0.00019162793317095694,0.6,0.5,1051.0011210866182,10
base,17,10,10,510.22165855777445,6.20063033200946e-05,510.22165855776257,0.166138075502297,0.27,606.6951422456866,750.7078282102539,-144.01268596456725,0.00023576118538604085,0.00020119177341304528,0.5,0.35,347.12284135442025,10
base,18,10,10,1261.0688590877594,0.00010011930181641482,1261.068859087769,0.32985458417790847,0.32,999.7728331781527,794.8039482168117,204.96888496134102,0.0002426585588917174,0.00020456201507845773,0.65,0.5,1172.218122971773,10
base,19,10,10,1312.090377356128,9.134506159236278e-05,1312.0903773560785,0.2975416597897742,0.355,1296.392387812658,747.3989041355784,548.9934836770796,0.00022396663006107875,0.00020174547336937465,0.65,0.45,1224.7083768665627,10
base,20,10,10,2158.568510276004,0.0001017598064368963,2158.5685102760035,0.39068127602974684,0.33,1331.8995509837687,1314.6494780671242,17.250072916644513,0.00022175943526603348,0.00021084800177939567,0.55,0.5,2120.4653835517847,10
base,21,10,10,2225.151715707855,9.273787104835396e-05,2225.151715707856,0.3752314504583933,0.365,1281.8705995297776,1454.23691016989,-172.3663106401125,0.00020287856707623675,0.0001919516622918005,0.65,0.5,2163.358048222967,10
base,22,10,10,1887.0770640961084,8.664079269493641e-05,1887.0770640960618,0.250970983035204,0.29,1601.7649586882787,1022.3906209449393,579.3743377433394,0.00019217051409459174,0.00018038444513712726,0.5,0.4,1767.2335050619884,10
base,23,10,10,1903.0756396995525,9.57898451126038e-05,1903.0756396995494,0.21235385881009738,0.285,3657.7186533870718,2076.9467541977224,1580.7718991893494,0.0002865586564201328,0.0002564403461345899,0.5,0.45,1736.8186245378824,10
base,24,10,10,3745.008994551454,0.00017807375986211849,3745.008994551492,0.3415468524070209,0.315,3787.0547725316655,1387.513674813628,2399.5410977180372,0.0003575393262899018,0.0002630318911928109,0.55,0.5,3640.079391382073,10
base,25,10,10,3109.981045369187,0.00016538966207235717,3109.9810453691753,0.27807249137120066,0.305,2123.8846286522407,2285.808015545752,-161.92338689351118,0.00034524667867796843,0.0002752055999933889,0.55,0.45,2947.3855812567053,10
base,26,10,10,1831.8896314971714,0.00019509764668668161,1831.889631497179,0.23073464042839156,0.31,2108.1143609658634,1874.0810354151897,234.03332555067368,0.0004321144951150435,0.00034849413576054644,0.55,0.4,1292.7697179031738,10
base,27,10,10,1665.0358730798218,0.00022745116246403185,1665.0358730798107,0.2788300009813722,0.33,2187.5933778188446,1952.0618837646405,235.53149405420413,0.00047544095049545376,0.0003706718007931986,0.55,0.45,1107.1676104931503,10
base,28,10,10,1775.3696807590638,0.00029490876230253704,1775.3696807590513,0.6700435242566217,0.4,2467.302726840644,2235.7316095998613,231.57111724078277,0.0005909806826390751,0.00045475246489679044,0.55,0.45,1168.4292665815854,10
base,29,10,10,2059.85400920937,0.00035326019711978685,2059.8540092093644,0.719532817866143,0.395,2783.090538561948,2438.9514819621413,344.13905659980674,0.0006787732239844635,0.0005185863628701659,0.65,0.5,1484.8635556267543,10
base,30,10,10,2235.814073105136,0.0004353407363043571,2235.81407310513,0.8727568111910579,0.4,3025.6778550965764,2733.1565151538093,292.5213399427671,0.000797247033415216,0.0005837328484639137,0.65,0.5,1680.2022514932844,10
base,31,10,10,2496.3351284461482,0.0004442958291575039,2496.3351284461314,0.4254331836798624,0.355,4566.766207414043,3482.175641057184,1084.5905663568587,0.0007692530491748562,0.0005432846905144562,0.55,0.5,1887.1035514134971,10
base,32,10,10,2605.5286243865894,0.0004888620370551156,2605.5286243865776,0.4855927298406082,0.35,4947.008445186341,3845.5828566054197,1101.4255885809216,0.000837340392892294,0.0005864631750109872,0.55,0.5,1954.9658049291552,10
base,33,10,10,2732.4027224697197,0.0005244671492523612,2732.4027224696947,0.507798859248404,0.35,5272.642143459904,4103.749223327308,1168.8929201325964,0.0008765356675128899,0.000595823177343302,0.6,0.5,2065.153936813188,10
base,34,10,10,2805.187988787585,0.0005814853118034646,2805.1879887875803,0.9756343722331904,0.38,5430.57467970374,4633.488881479133,797.0857982246071,0.0009669181451131825,0.0006501727757103337,0.65,0.5,2081.0960144239043,10
base,35,10,10,2929.4276279328014,0.0005085680529373082,2929.427627932797,1.1725190079769587,0.395,5181.899635456992,5082.495376656752,99.4042588002394,0.0008609282321968559,0.0005870506575228474,0.5,0.5,2152.578724345624,10
base,36,10,10,3311.408441384493,0.0006103068207251594,3311.408441384501,0.846271679296339,0.385,5891.122104489834,6115.452943151473,-224.33083866163906,0.0009647503473877439,0.0006735112248260622,0.6,0.5,2422.4126084779823,10
base,37,10,10,3725.1391300302016,0.0005758522125667298,3725.1391300301766,0.4982008920827058,0.34,6087.390510317927,6761.139048350248,-673.7485380323214,0.0008874550140914872,0.0006087349480243809,0.6,0.5,2831.694345180449,10
base,38,10,10,4230.1613790015235,0.0005478363458433222,4230.1613790015035,0.39002715555709355,0.335,6258.79892267341,7630.369167021982,-1371.5702443485725,0.00081021123997016,0.0005527151873667702,0.6,0.45,3355.1340818576136,10
base,39,10,10,4640.997914782799,0.0005325858236105985,4640.997914782725,0.37812526837923766,0.33,6116.983804061967,7743.924076874408,-1626.9402728124405,0.0007744914074810927,0.000528263939228335,0.6,0.5,3746.3067904098075,10
base,40,10,10,4881.485936767008,0.0005094894728975286,4881.485936767,0.3965385342710678,0.325,6052.914681964635,7511.196480985716,-1458.2817990210815,0.0007349602521690146,0.0004964094501812566,0.65,0.5,3897.9094104342244,10
base,41,10,10,5605.11439135217,0.0004546962624593087,5605.114391352152,0.44666501584998114,0.325,5753.92915407876,7209.489739882181,-1455.5605858034214,0.0006902868898248649,0.0004638086056922841,0.65,0.45,4703.834195328665,10
base,42,10,10,6399.375494874881,0.00044297465853126994,6399.375494874796,0.39691926138306005,0.32,6034.984849992384,7962.426302684792,-1927.4414526924083,0.0006538976238715799,0.0004321568640148765,0.65,0.5,5509.058663291029,10
base,43,10,10,6628.38062955825,0.0004718598270229135,6628.380629558247,0.4342092111677139,0.315,6219.6116501239485,7584.677697350201,-1365.0660472262525,0.0006981412450318691,0.00045787896939497585,0.65,0.5,5694.335706188042,10
base,44,10,10,6841.801691273079,0.00045495735097589307,6841.801691273111,0.39974212244898855,0.315,6619.771923304824,7773.6590292428355,-1153.8871059380117,0.0006864253159183376,0.00043272879162559175,0.65,0.5,5808.536661489472,10
base,45,10,10,6896.07790251406,0.0005014918328410944,6896.077902514051,0.503548987274477,0.345,7266.827522975822,7585.896920533608,-319.06939755778603,0.0007318851964285278,0.0004602338117078997,0.65,0.5,5649.364141831966,10
base,46,10,10,7010.631408200055,0.0005333564588178019,7010.631408200017,0.7443005183547221,0.355,8219.30072712934,7814.461776048376,404.83895108096476,0.0008877349774047971,0.0006370080625133223,0.6,0.5,5651.641242132171,10
base,47,10,10,7319.0105056288485,0.0005033006156716091,7319.010505628787,0.9342690670249959,0.37,8794.213069908958,7986.589622183381,807.6234477255766,0.0008384483076558924,0.0006412415928337412,0.6,0.5,5863.501003549903,10
base,48,10,10,19.123698069265046,0.012960210174105757,19.12369806926405,1.420352222313874,0.43,23.47275864395722,21.6963494680491,1.776409175908121,0.01949622263707862,0.01679858368040177,0.7,0.5,14.991892540994655,10
instruct,0,10,10,0.0,6.061817714453355e-14,0.0,0.0,0.25,0.0,0.0,0.0,6.061817714453355e-14,6.061817714453355e-14,0.0,0.25,0.0,10
instruct,1,10,10,12.39999690342508,8.798308382540476e-05,12.39999690342421,0.04249482366846733,0.28,86.88675185852824,85.03005835315032,1.856693505377919,0.006511669020549671,0.006299741077985588,0.5,0.4,9.120087073055185,10
instruct,2,10,10,13.864879827523627,0.00015470669335737597,13.864879827522628,0.12837918969251555,0.315,92.3515251178473,92.01866637526331,0.33285874258399417,0.007276103489212593,0.00724547818407717,0.5,0.4,8.480225738634292,10
instruct,3,10,10,15.925896479627855,0.00021964003011631927,15.925896479626658,0.09371609831090824,0.305,120.27343855353894,117.52093433068382,2.752504222855123,0.014815848921807317,0.014257417156630092,0.5,0.45,11.8053800772804,10
instruct,4,10,10,14.220645949787826,0.00038458536398788823,14.220645949786835,0.24334779657404199,0.335,121.2181554161704,120.38470078747233,0.8334546286980782,0.027373801031360778,0.02699119075104306,0.5,0.5,8.690341762117969,10
instruct,5,10,10,33.77595600124212,0.0003740555262798928,33.775956001241866,0.30655322831327997,0.31,189.79522934432154,206.5070843986618,-16.711855054340248,0.0136264549131625,0.014687096819946843,0.6,0.4,30.053077583681148,10
instruct,6,10,10,45.59455876863926,0.0007772318572060177,45.59455876863825,0.8396693566426812,0.38,171.80766479531997,182.48803054484097,-10.680365749521002,0.012849351566620815,0.01365623596325305,0.6,0.5,38.29937479378638,10
instruct,7,10,10,53.65163271859006,0.0013002015673658773,53.65163271858901,1.050157225458463,0.375,192.14850417647486,193.53968703129598,-1.3911828548211247,0.014043355410717218,0.014182717395174516,0.55,0.35,14.577018404213954,10
instruct,8,10,10,73.32060468351953,0.0006454542819352982,73.32060468351813,0.2919416505604669,0.335,193.93094776707127,202.3446904251051,-8.41374265803384,0.004883200489811279,0.004924272019058873,0.45,0.45,34.203817489884045,10
instruct,9,10,10,98.1326247674705,0.00038296002041926513,98.132624767469,0.2639200902325465,0.31,306.9233054557107,261.0927891613661,45.83051629434459,0.002500219475082832,0.002365085631860997,0.5,0.5,79.4748810005668,10
instruct,10,10,10,95.49271564768648,0.00048327468124576,95.49271564768503,0.3491103178422703,0.34,401.2376455325646,420.7487689262538,-19.51112339368916,0.0022945058227672455,0.002329825760589488,0.5,0.45,34.937598378655196,10
instruct,11,10,10,118.78138798035116,0.00018424439774289425,118.78138798035002,0.48429626127939196,0.345,480.1884277083857,462.84867977496197,17.339747933423723,0.00083790723582855,0.0008513178711090363,0.5,0.45,32.68282338027448,10
instruct,12,10,10,154.39330448636497,0.0002810247734429394,154.39330448636383,0.3764394519928982,0.335,594.6248789039614,624.7449205789733,-30.120041675011862,0.0009863496158936114,0.0009275661303236316,0.55,0.4,16.66657355695146,10
instruct,13,10,10,218.89787061482653,0.0003538709006135621,218.89787061482411,0.26634463864528496,0.3,942.7315220254375,837.2897894959066,105.4417325295309,0.0010645430350538776,0.000994845250957166,0.6,0.35,64.74389775769173,10
instruct,14,10,10,609.8350724543284,0.00014825782087735107,609.8350724543307,0.33379045523737216,0.32,592.6489515715142,1089.3501028791409,-496.7011513076267,0.0004221068646886872,0.0004317586630424586,0.55,0.5,588.6192442523852,10
instruct,15,10,10,792.5153704929631,0.00011588184372612886,792.5153704929471,0.33020719474824584,0.29,771.0163250722737,1447.860679606711,-676.8443545344373,0.000309006618141483,0.00031672832481732804,0.5,0.45,762.389311884627,10
instruct,16,10,10,539.5160769213129,9.884250141978246e-05,539.5160769213107,0.2966833308602852,0.295,703.5204867426722,1064.5425252871437,-361.02203854447146,0.0002585749149774941,0.0002558721694325694,0.6,0.4,473.4895963834268,10
instruct,17,10,10,364.31274758821274,8.785980553982498e-05,364.31274758820655,0.3638786248786666,0.33,771.0145685500569,675.9578394513846,95.05672909867224,0.0003019814740959914,0.00029070425192134763,0.7,0.35,20.511159752121262,10
instruct,18,10,10,919.7353353579549,0.00012548252528588044,919.7353353579383,0.3480670212341536,0.32,741.2171849869007,1191.5577025745774,-450.3405175876767,0.00028928994146359965,0.0002752780093203677,0.6,0.35,814.947514837906,10
instruct,19,10,10,1222.8906350675495,0.0001124497566312721,1222.8906350675934,0.3161783364943904,0.325,1014.5267635775651,1855.880112603955,-841.3533490263899,0.00026625678448699563,0.00026607223688079884,0.55,0.5,1137.0599858359583,10
instruct,20,10,10,1564.3973946467904,0.00011944340588598834,1564.3973946467959,0.33414426964839844,0.3,1543.7339454321711,2813.2811551430873,-1269.5472097109161,0.00028100296038058303,0.0002734131921457994,0.5,0.4,1454.8405903626149,10
instruct,21,10,10,1294.9594081120763,0.00010797975912701929,1294.9594081120667,0.29119229607500763,0.29,1028.7026588575113,1613.565511397546,-584.8628525400347,0.00026097415171622007,0.0002372393418960117,0.5,0.4,1087.7366997004926,10
instruct,22,10,10,1516.5472043821173,0.00010374053353701118,1516.5472043821137,0.22663189642176604,0.315,1167.6135787466544,1627.5231564246103,-459.9095776779559,0.00025608132226684344,0.00022354170694682818,0.5,0.45,1327.1106442033918,10
instruct,23,10,10,1240.2323000649417,0.00012208049210649108,1240.2323000648976,0.20653450343796972,0.325,2255.3759718325377,1654.7081936930767,600.667778139461,0.00038014156360577367,0.00032710052844697746,0.5,0.35,810.6830342905799,10
instruct,24,10,10,2738.1114725124294,0.00018231235033205895,2738.111472512399,0.29106884352179935,0.35,3634.2865916287274,1759.0598096774468,1875.2267819512806,0.0004643646998128137,0.0003778499284796677,0.55,0.5,2568.053196476181,10
instruct,25,10,10,2105.734143395885,0.00019474624179061095,2105.734143395879,0.25672293731412416,0.34,2818.4443513605506,1881.8472038649636,936.597147495587,0.0004898642998294456,0.00043110409809243855,0.5,0.5,1773.437452483545,10
instruct,26,10,10,2436.6493858790536,0.00023751754385081814,2436.64938587902,0.2790821799961859,0.34,3547.1972427363603,2266.635965213725,1280.5612775226355,0.0006398632247732738,0.0005506564029794658,0.5,0.45,2101.5773854415047,10
instruct,27,10,10,2341.0268669069064,0.0002746059277212165,2341.026866906919,0.25017011975783376,0.325,4792.0757486954235,3259.2681683754436,1532.80758031998,0.0007461864271223195,0.0006104138756004573,0.55,0.45,1869.2387311371688,10
instruct,28,10,10,2390.65443462362,0.0003581393570593061,2390.654434623604,0.3230985121699642,0.365,5216.257512470059,3762.372209857752,1453.885302612307,0.0009848626542696692,0.0008008728811055299,0.55,0.45,1771.9775450758054,10
instruct,29,10,10,2688.2866820219765,0.0004233615728268525,2688.2866820219497,0.36639865291638934,0.345,6088.888330914681,4415.709743914843,1673.1785869998384,0.0011604492039526404,0.0009357614299310146,0.5,0.4,1996.7370624331786,10
instruct,30,10,10,2869.5793768081776,0.000537332207105834,2869.5793768082003,0.4115963498131442,0.365,5897.452809257727,4292.038531872854,1605.4142773848725,0.0013604206693976773,0.001131599310222109,0.5,0.4,2099.8109211608894,10
instruct,31,10,10,2563.6882896572056,0.0005870196809258932,2563.688289657195,0.4907445905021514,0.355,5992.1115602152695,4877.799712977467,1114.3118472378028,0.0015264141780206852,0.0012894051864659195,0.55,0.4,1530.4965597843734,10
instruct,32,10,10,2879.55871199416,0.000685899899463549,2879.5587119941556,0.5053628860194233,0.33,6352.358504905058,5037.852035279195,1314.5064696258632,0.0017018209944693607,0.0014649935843449313,0.5,0.4,1907.908854182729,10
instruct,33,10,10,2767.7772484165016,0.0007232376509015426,2767.777248416518,0.7649553906071388,0.35,7353.030016923548,6428.51632241995,924.5136945035983,0.0018307368491166098,0.0015364813751658213,0.55,0.45,1503.9132048677234,10
instruct,34,10,10,3160.237479727117,0.0007848515802340028,3160.237479727097,0.6486550833501776,0.335,8352.251192919712,7011.333108915414,1340.9180840042973,0.0020009271618299795,0.001669145151140916,0.5,0.45,1872.01896905901,10
instruct,35,10,10,3177.0044953523256,0.0007382762347847294,3177.0044953523247,1.0303154910234424,0.375,8030.049816183084,7088.126159436173,941.9236567469106,0.0019376860922549755,0.001608166343937234,0.65,0.45,1679.3218832100697,10
instruct,36,10,10,3504.061530880772,0.0008468049184799931,3504.0615308807755,0.9026902434267357,0.37,8241.724480368483,7140.202321421312,1101.5221589471703,0.002207766030190128,0.001940115313635804,0.55,0.45,1819.4593896901501,10
instruct,37,10,10,4125.496866273696,0.0008655118817610941,4125.496866273701,0.6113144182658137,0.33,9943.803223683486,8043.05766822871,1900.745555454776,0.0022362546269776296,0.001991066280387699,0.55,0.35,2363.5577491899026,10
instruct,38,10,10,4625.5900480880655,0.0008596946854088072,4625.590048088037,0.5570429262349689,0.32,10000.189207570707,7645.3070376812375,2354.88216988947,0.0021878233016631166,0.0019686210162386253,0.55,0.4,2876.5384216356692,10
instruct,39,10,10,4978.688820205886,0.0008717828491431323,4978.688820205869,0.5716791674658102,0.325,10604.170502266024,8061.0841782349235,2543.086324031101,0.0022242203367607294,0.0020319721565652538,0.5,0.4,3105.7549696914966,10
instruct,40,10,10,5571.103334804313,0.0008579099054811801,5571.103334804284,0.579295948807488,0.325,11934.239385543422,8927.627740642109,3006.6116449013134,0.002236960493339768,0.0020737365648896278,0.6,0.4,3600.4718355563737,10
instruct,41,10,10,5841.285062036099,0.0007340255824781483,5841.28506203607,0.6860183969311213,0.345,13022.591741291793,9893.629390986931,3128.9623503048624,0.0019952943189497363,0.0018456592193265564,0.6,0.4,3823.481711733047,10
instruct,42,10,10,7151.434381866207,0.0007977414906272795,7151.434381866275,0.5808856722940584,0.335,15561.41432895599,11065.871944700806,4495.5423842551845,0.002078693438282375,0.001880914351526819,0.55,0.5,5261.925433354432,10
instruct,43,10,10,7398.427256885043,0.0008752717949938038,7398.427256885043,0.6060388389896572,0.335,17082.456524566976,12643.987923735476,4438.4686008315,0.0022191331766069355,0.0020407115207882187,0.55,0.5,5357.466900654483,10
instruct,44,10,10,8283.828679607055,0.0008850185593144433,8283.82867960706,0.5067446612035087,0.34,20527.06999134135,15104.525286136695,5422.544705204653,0.00227141954559984,0.0020074819161327584,0.5,0.5,6203.605988574173,10
instruct,45,10,10,9308.266199020372,0.0009569483620710528,9308.26619902045,0.5452305374841948,0.35,21954.48029083596,16013.249808444572,5941.230482391387,0.0024223951905998353,0.002140217153208779,0.55,0.5,7211.107229917888,10
instruct,46,10,10,8882.677566939854,0.0009488835874986723,8882.677566939805,0.6448833394500757,0.35,19725.84672918984,15398.400589432262,4327.44613975758,0.0028414145736317398,0.0024336702343055183,0.6,0.5,6322.595369346554,10
instruct,47,10,10,9869.469899238236,0.0008471351150750595,9869.469899238218,0.6886414629490079,0.345,27326.91791199907,21867.377606859693,5459.540305139377,0.002650608855971126,0.0022533082276667837,0.55,0.5,7059.028780649567,10
instruct,48,10,10,25.243578938159793,0.027093548903495468,25.24357893815879,2.3539524765208752,0.5,42.68539038102283,37.29768522004305,5.3877051609797775,0.06425089696686048,0.05010561727777141,0.7,0.5,12.108196297700292,10
