condition,layer,n_points,linear_cka_base_instruct,same_prompt_delta_l2_mean,same_prompt_delta_l2_std,same_prompt_cosdist_mean,base_norm_mean,instruct_norm_mean,instruct_over_base_norm_mean
all,0,50,0.9999061243924284,8.606240060749364,3.026016589957036,0.011692187141725974,59.82423624170757,59.59164820557361,0.9961123903049995
all,1,50,0.9952809880831809,114.80124954001795,31.004451814326,0.009220459115639117,906.1830107418832,866.9591365051161,0.9346704035278723
all,2,50,0.9939481215755304,125.22032405465903,19.188566075352565,0.008941466358976184,895.2889294416292,875.1179753545898,0.9600090655566441
all,3,50,0.9890712360455892,156.20964464031988,37.82662316387713,0.012460420541139303,928.0384502341337,822.4995322751549,0.8820779946565679
all,4,50,0.992781932896416,165.59454911170542,28.33322874007383,0.015453638434918012,795.1888341801559,687.7535389023536,0.8663295466267334
all,5,50,0.9955208567093985,141.05859116679724,26.81446079032642,0.005980649789682062,1102.6119026132678,1023.8398352993,0.928672974195822
all,6,50,0.9875874590523535,184.03877043189243,73.54823897488744,0.007067030019068567,1214.215720432534,1110.8368300791244,0.9227238786260864
all,7,50,0.9804759474610057,223.03764333696176,91.03783915637739,0.008511903555658229,1333.4073119993184,1187.9208369319545,0.8994407488619163
all,8,50,0.9754621770075278,302.0023205051724,178.1902155133661,0.003609711148802317,2190.6094434048437,1956.3600732927039,0.904284041849251
all,9,50,0.9729882678494243,555.2445964547944,234.9482087163601,0.001921063965409877,3391.4120157436446,2873.429661030278,0.8527669347409776
all,10,50,0.9510100967594072,579.5452744449062,349.9551742059797,0.0022328480737932965,3676.0332370296233,3162.002270584864,0.8694304840800406
all,11,50,0.9597302269154535,848.0306170063865,418.7819186358937,0.0008854065111186338,6952.65538700855,6166.39616813022,0.890869602648687
all,12,50,0.91993380706422,1047.321996571886,586.4874403896202,0.0011537575863590432,7383.46710538966,6420.670410858938,0.8767923927351764
all,13,50,0.8967656715537666,1288.7557458289184,516.8706665263037,0.0012400901749309967,8432.462821076897,7251.167578628076,0.8620450585452336
all,14,50,0.9093067944993034,1802.8826483292492,744.0726655489402,0.0005478281522462236,14517.699992947464,12790.105511648699,0.8839537005753496
all,15,50,0.8634854585700964,1955.3375620664133,959.6647496808896,0.00041238269340663656,19165.545417402114,17306.559625505713,0.9048487553521192
all,16,50,0.7380582542701252,2290.2489758380516,1081.7476476416382,0.000374220698353942,23708.037578782187,21570.71206562914,0.9110519484569716
all,17,50,0.7045670239295867,2769.1098094236745,1583.9244973489747,0.0003969264814229301,27155.262351787595,24737.945243021095,0.9167713466890851
all,18,50,0.6015159912697992,2930.217611375578,1775.6299216825214,0.000439026134170184,31931.089851161512,29680.064759551784,0.9346953451484888
all,19,50,0.5955145076835389,2710.8476086750584,1625.8025724000445,0.00041782307775707796,36538.55225714034,36295.864829245584,0.9975307272521712
all,20,50,0.6085053459907024,3266.172798967142,1855.0544060466693,0.00045796999625427495,39126.199857393585,39683.93583690179,1.019323774413012
all,21,50,0.5365606514537776,4023.6484987704357,2057.1794870037184,0.0004705254839735584,42382.11879847957,44002.23797943759,1.0456479158038612
all,22,50,0.7359217809618865,4808.774131280705,2288.93545077642,0.0005230114406608633,47798.57644542389,50886.841891609794,1.0701771948712897
all,23,50,0.7905068893332985,4849.056080190539,2658.903869129765,0.0006097356563742418,55261.39929356009,58155.34525598211,1.0588701745327378
all,24,50,0.9174290020656392,3699.959329625143,1640.0347919282244,0.0008416706281653652,61199.54014724021,60642.50381965478,0.9965256050084847
all,25,50,0.9091294142483534,4683.607597316662,1805.9495829797554,0.0009447866138105266,65736.89976646917,63809.63771447944,0.9775032425405152
all,26,50,0.924144466590933,4189.41383468961,1682.9000932609715,0.0010791947593826623,66686.82343366624,65742.78847059158,0.9900727278901327
all,27,50,0.9117190173975998,5214.485289607539,2893.442122104684,0.0013849328601266953,68882.43307779983,66395.9006484947,0.9688940033125065
all,28,50,0.8566194453333635,6810.1372786787615,3834.371613332547,0.0018240976942572606,70282.70489340973,65428.894401275065,0.9343750030998875
all,29,50,0.8399043393690792,8535.119106426902,4406.5825286274285,0.0022321209115636286,74349.83883522001,67585.1482026395,0.9118052957391893
all,30,50,0.8341742263943106,8831.581782271962,4611.854992376766,0.00272880573063905,73430.20935940978,66731.25553083252,0.9124687945335146
all,31,50,0.7981955364967716,12062.011796412415,5985.455572906192,0.0032288581538586427,75558.65199045444,65090.75369530301,0.86573734765402
all,32,50,0.7894586221764059,12574.638341041345,6113.360326081657,0.0038251565620711814,76572.3267436915,65843.50507235319,0.8645508533107461
all,33,50,0.7703740406559403,12802.781735097185,6593.051698464854,0.004310602662950587,78039.59821718436,67444.34244255425,0.8702531898352736
all,34,50,0.7605787992449429,13372.007829590411,6919.254058471674,0.004942994523384914,81372.19399969773,70672.06353198386,0.8748009737856463
all,35,50,0.7323629142945272,15632.610252151566,7766.193241768108,0.004861580685401228,91091.82619863674,78217.4935249556,0.8651304390783534
all,36,50,0.7760504340702145,16725.13108500342,7636.5946207004545,0.00585896670202231,92531.11531961049,79055.4444652226,0.8620021052671497
all,37,50,0.8004655351501567,21301.1049230091,8928.59334672056,0.006245762176244272,101810.99729632039,83526.2835789262,0.8295004511331198
all,38,50,0.8170591467988146,23603.08364576642,9416.015757636062,0.006409304983562265,108515.9493517609,87976.78397057403,0.819824415968866
all,39,50,0.8207349537519407,25868.67396097574,9967.950266831242,0.006634849024016021,115691.33885432885,93083.1945654357,0.8135688993885227
all,40,50,0.8231301402809192,28568.62019981683,10578.601003332926,0.00689744951465612,126205.86387371346,101092.50644382277,0.8083136518240254
all,41,50,0.8092701184986484,30162.65579142482,10590.863459155615,0.006171267806307827,142426.61887918488,116039.53718312249,0.8197931646477095
all,42,50,0.8232460651448219,36286.59921036898,11638.133532036427,0.006588971835133863,155236.79889184213,122604.1554446944,0.7939262537815283
all,43,50,0.8391676267822336,37482.033897553774,11030.394511485643,0.007369918011712455,161053.19294484385,127778.00164365521,0.7960294495551737
all,44,50,0.8500482708614487,41227.96867396634,11478.780874832577,0.007886890931382428,173374.39108406974,136666.13899605698,0.7892609878199702
all,45,50,0.8642144313073008,41592.37251064822,11011.162453054352,0.008120677604496388,185780.56075762506,149751.33931158882,0.8059109034522065
all,46,50,0.8949432581604169,35475.78781525266,8852.347787161818,0.00787997824486577,194770.63621775375,167456.04407348574,0.8579307713561458
all,47,50,0.7895742672285291,35588.80451501027,12737.682990144664,0.007069354256032312,215789.48642158965,191595.42403116298,0.8884144760063977
all,48,50,0.9515769231188772,78.32113655366602,20.187229422931107,0.12823991781349126,145.67536406616958,151.23843300836185,1.0449653038602913
target,0,10,0.9999061243924283,8.606240060749366,3.0260165899570364,0.011692187141725974,59.82423624170758,59.59164820557362,0.9961123903049994
target,1,10,0.9961584031267637,113.34518285707422,31.173860486619027,0.009010093819348985,902.6113633476758,863.1016276283841,0.9340649906431604
target,2,10,0.9954284273011451,123.01477662832853,17.460540056534438,0.00842599691343796,901.6273399160569,879.4795007379971,0.9577000729084194
target,3,10,0.9896225906638191,161.5616242791728,38.19741068115325,0.013489357803414304,929.1563523059862,818.8237043123622,0.8765531021597631
target,4,10,0.9926086606938451,166.4127316986445,27.41942677352196,0.015945133906614027,799.4936838917921,692.3338386024128,0.8673282422732823
target,5,10,0.9968252926230633,135.21672872191317,23.68817567212699,0.006513303083131772,1074.3467027859535,1010.3253777368709,0.9402795161462277
target,6,10,0.9911503892021444,180.44056919683123,71.74420371138243,0.007085160568875792,1204.7372435789769,1109.025370171495,0.9282038808863813
target,7,10,0.982693993875952,223.37372871097924,88.19396371331555,0.008254367574782573,1339.75992037128,1187.2920229708739,0.892832884041673
target,8,10,0.9838023382484495,306.85543667772873,175.97566966877247,0.003472795542283147,2210.1952778611544,1964.0517702014888,0.900439500565659
target,9,10,0.9897412302082698,600.901255180828,229.6216843285048,0.001954083271777851,3363.1162772784664,2794.513176670932,0.8365396117619343
target,10,10,0.9574080358441476,647.2306140160923,429.9924099996232,0.002207929392125052,3667.3170178588725,3064.2234990685884,0.8486683956733339
target,11,10,0.9709478144150859,941.8923403560151,460.27253743995567,0.0007929477055087619,7004.273702994858,6105.404339112098,0.8765465265847272
target,12,10,0.9767779031027721,1223.962457961008,511.92365647317143,0.0010227175622882334,7544.771996539831,6362.4057977890525,0.8479642340321758
target,13,10,0.9744606437979448,1568.70178812634,360.3749011730913,0.0011610593431346516,8620.459322262945,7096.486155362984,0.8208848460808131
target,14,10,0.9473529107059877,2014.9436983118117,689.4358547481504,0.00046246030243127787,14975.88612329646,13007.669141095445,0.8707402978259644
target,15,10,0.848418448314475,2247.9496535439175,1123.6456998400606,0.00035358065684416574,19692.189588292058,17512.76164603174,0.8917310439657881
target,16,10,0.7133263066298682,2492.910770821824,1043.0179995295941,0.0003184982595122454,24041.629767635808,21658.22363520086,0.9010407236113951
target,17,10,0.7383633559162119,2736.082420398349,1482.2729065169547,0.00032979922276421547,27510.868824301877,25039.296415925804,0.9140507482517541
target,18,10,0.5162358889689639,3079.0444180333743,2101.2875114903563,0.00036203486856725144,32570.70644501719,29869.741440560134,0.9196416414681485
target,19,10,0.5880679725354396,2496.617796766884,1988.6737844499953,0.00033915412283840317,37298.29988962356,36412.935514843935,0.9783546699056656
target,20,10,0.582700206565679,3094.7989340832687,2141.442636532847,0.0003691149120693349,40243.52742452918,39706.01375501686,0.9905237356239522
target,21,10,0.4691919834486,3875.9840973017913,1845.2926709961098,0.00037588182794293654,43369.4013824836,44305.574959905,1.0271097620201615
target,22,10,0.6906597890913481,4491.105008052935,2191.5710412904896,0.00040850734184589844,48944.5324971169,51483.982874414716,1.0549591253435133
target,23,10,0.7786176367420242,4306.800544643617,2365.3194137315763,0.0004788093287099282,56980.899008856526,58959.34275955024,1.0387004878183321
target,24,10,0.9323153318412328,3538.773270650336,1380.1260016652423,0.0007035293745182303,63677.30800310909,62328.73455706838,0.9798460441939956
target,25,10,0.9411158650714564,4427.725939416866,1477.63599835872,0.0008009023447758335,67878.49272999092,65202.673610220096,0.9637435701286906
target,26,10,0.9741275789411842,3513.117468770991,617.984253104705,0.0009463316879176675,68484.18391772517,67525.31843755503,0.9869370725367924
target,27,10,0.9753334694239788,4422.505665466252,1489.0225351140925,0.0012646989302471322,70562.35872434107,68451.00646493843,0.9718509786704264
target,28,10,0.9390576419010855,6001.123699388927,2533.23264216317,0.0017099386775302316,71601.14093098612,67446.27280662567,0.9430963841715293
target,29,10,0.9213104883356653,7629.538502282652,3205.640928459666,0.002102188443644326,75715.46858374393,69845.01162833432,0.9236557031592636
target,30,10,0.914696979401725,7827.855614699448,3454.8184098276934,0.002574648216931963,74601.17185630827,68938.65355601374,0.9265374870234678
target,31,10,0.8733374620744616,9973.414358795217,4699.741222793445,0.003060521145401296,75605.65128018273,67434.82045102897,0.895159968386611
target,32,10,0.881788383835493,10233.460804275648,4547.109462878616,0.0035680208480771023,76423.73136048105,68293.10645747987,0.8967174733268578
target,33,10,0.8932989482526179,10280.082981840547,4473.336104518923,0.004010322643114161,77777.512458445,70081.47301058474,0.9050907108491094
target,34,10,0.908511635727608,10697.220060385105,4334.601711638384,0.004549904054557419,81293.58553610733,73719.49904430933,0.9107483179526421
target,35,10,0.8820533086577613,13401.420477504304,5448.44322439299,0.004552566867378605,91429.25122598151,80952.2494639602,0.8894234388598765
target,36,10,0.9083483563770973,14308.407321221672,5522.974325777543,0.005599108128226749,92736.46523689986,82008.79094558996,0.8901895964790809
target,37,10,0.9296282653800816,18018.977399803858,6321.900062864855,0.005801992097694164,102245.364084245,87625.4798312627,0.8645121248580565
target,38,10,0.9236144148481131,20252.67581170579,7044.488722047181,0.005953935332586835,109218.2447263475,92387.4148603177,0.8535407259712902
target,39,10,0.9291809404018987,22592.701929019022,7361.340397450597,0.006205437201373398,116686.85747015972,97655.48369078609,0.8439521988081566
target,40,10,0.9332883555243372,24856.915351436804,7717.640006051286,0.0064312387900193665,127419.31357682965,106334.89314322294,0.8398156720056574
target,41,10,0.9232296471016737,26694.341171710672,7734.917065700999,0.005830259471396715,144229.4878138924,121648.0721449259,0.8469500705356052
target,42,10,0.9330986393983409,31845.931507333422,8563.398283039507,0.0061126388726425954,157263.89514091966,129417.73032960916,0.8257165317144344
target,43,10,0.9471482429961715,32889.49265683475,7637.056774924472,0.006781563726676409,163284.60198664182,134997.85884717738,0.8282132239925302
target,44,10,0.9558842277238991,35302.252498721944,7299.966747381638,0.007104331839763933,175550.31127110362,145265.84924180107,0.8271365343570054
target,45,10,0.9610160913829114,35126.333738839756,7129.863556327659,0.0073887692504172485,187499.67844403526,158747.72323797355,0.8453783864032272
target,46,10,0.9690318567251373,30685.37272340779,5915.713994377208,0.007259540416980281,196244.68443824208,175016.88970278008,0.889257880423056
target,47,10,0.9195698436857561,29591.953817693244,7488.338837224577,0.006528613052459065,216699.66037843417,201520.900962225,0.9293210794457927
target,48,10,0.983957457948455,71.94358271050325,7.441914046537615,0.12224105771609912,147.7618842500003,141.4878046623875,0.9580755613348588
target_word_shuffle,0,10,0.9999061243924283,8.606240060749366,3.0260165899570364,0.011692187141725974,59.82423624170758,59.59164820557362,0.9961123903049994
target_word_shuffle,1,10,0.9952510561755805,112.40389171200061,29.254083059021333,0.008895015082349855,903.7093516236118,865.5607026278749,0.9344716679034322
target_word_shuffle,2,10,0.99375065268405,123.80225348729559,15.54560212668715,0.008832949292733937,881.0544367458948,865.3664492668106,0.9631716449037725
target_word_shuffle,3,10,0.9898754095484894,148.81517306993317,38.72500878582223,0.012337326100310065,925.0514644043435,826.5852382953748,0.8876765795097992
target_word_shuffle,4,10,0.9944920100485187,154.77584143304946,26.220730086658385,0.015444460347506184,779.5175069182625,683.1722794110595,0.8767471458232106
target_word_shuffle,5,10,0.9976187244544681,138.312452799282,22.134390175189388,0.005834640072687858,1081.2929684370395,1000.9267666712325,0.9254305049218153
target_word_shuffle,6,10,0.9798326468293573,207.6032279135955,92.59489331406299,0.008295522203171046,1213.5552636013224,1090.1393567314578,0.9110953230128039
target_word_shuffle,7,10,0.9851591579089847,204.6093362220173,67.7254795751244,0.010307095774682673,1234.6042361080613,1122.36847377196,0.9166792658650745
target_word_shuffle,8,10,0.988669376555033,251.52099390734648,104.97948540031186,0.003738193038501825,2083.9229944790113,1907.0206730912155,0.9196480454780211
target_word_shuffle,9,10,0.9739832347763995,454.1982010720274,204.18267286275946,0.0018494758894983642,3302.7405762439494,2892.5812853494012,0.8817435886316053
target_word_shuffle,10,10,0.9687272283591303,460.17862346598105,325.7389465566985,0.0021107229991224165,3538.5213464814115,3174.893480167719,0.9149714782864857
target_word_shuffle,11,10,0.9442098510577606,606.6860686600118,268.7084120660229,0.0008762464767757882,6489.7297370356255,5977.373784356436,0.9204455823315272
target_word_shuffle,12,10,0.8955027716600411,997.2704260051923,520.3447343553938,0.001105591555396479,7100.396510135584,6162.032837892888,0.8711810848140147
target_word_shuffle,13,10,0.7707606527301429,1098.4785813028107,585.3521517739471,0.0012757090367910395,7837.3440271758645,6884.299954874514,0.8800177757573842
target_word_shuffle,14,10,0.7891492722692465,1561.2901567730833,709.7541725712765,0.0005563152939785821,13670.347863426781,12188.92843418627,0.8924431806762915
target_word_shuffle,15,10,0.8464363840416208,1804.5623445784354,760.7317140737897,0.0004068255005698296,18448.722871211678,16725.055033358214,0.9066366955143688
target_word_shuffle,16,10,0.7827318107619428,2371.5715841239116,1050.5362908232037,0.0003723817499855286,23092.120759232144,20812.629645239504,0.9017848414436438
target_word_shuffle,17,10,0.690195754047632,2361.8516417340843,1393.855086063033,0.00039735477956259757,26243.288327459893,24054.445250181518,0.9181657484784174
target_word_shuffle,18,10,0.6449106639502201,2272.0735188671742,1422.4311516975863,0.0004452285001624423,30971.789262241044,29434.26549799159,0.9534248092605109
target_word_shuffle,19,10,0.7246741194893762,2292.448171455317,1071.7998733930274,0.00040132805922303837,36184.65663990041,36502.684864003095,1.0071776927948786
target_word_shuffle,20,10,0.7769927603923705,2954.1684233231495,1489.5152093970848,0.00045392530989913916,38312.833884755295,39885.887222634905,1.0385008939079343
target_word_shuffle,21,10,0.5353245765160448,3866.287014425566,1623.3372162716325,0.00045577292123775146,41821.17212060253,43704.50943873216,1.0441094784684295
target_word_shuffle,22,10,0.7971908723831659,4642.317127347096,1774.620791143703,0.0005101622157073326,46743.73283370389,50102.18791597875,1.0698333146047836
target_word_shuffle,23,10,0.8527418188789074,4712.071995031076,2030.6262078810644,0.0005887972883100833,54421.21597974385,57553.6999364556,1.0555339445079088
target_word_shuffle,24,10,0.9501434444502171,3069.6463496009214,793.0874771799425,0.0008097424871671866,59399.09555575541,59591.538694636416,1.0049007731913222
target_word_shuffle,25,10,0.8949856592850592,4187.891544216033,1515.690252831058,0.0009133060971917462,63264.165401383,62315.470884549766,0.9889171054140171
target_word_shuffle,26,10,0.9265172120102626,3769.8148808593046,1416.0352334808576,0.001050505551182046,63589.14416099018,63896.80348552626,1.0074108595763098
target_word_shuffle,27,10,0.949128082514082,4347.3957881370425,1363.686149288771,0.0013302582034729227,65816.0038593377,64898.89608186875,0.9895573836911955
target_word_shuffle,28,10,0.9288742987611268,5553.605973786532,1743.3365842413773,0.0016861879716448369,67461.61663806761,64173.12131465549,0.9528180595670828
target_word_shuffle,29,10,0.9294228551174313,6980.237792799894,2361.8099641804965,0.002033990241490924,71545.9731657585,66545.90647291362,0.9315947170603419
target_word_shuffle,30,10,0.9339904063945508,7379.76174753691,2719.8395515524426,0.002537630726319906,70537.93908499044,65383.019297133585,0.9295397214131371
target_word_shuffle,31,10,0.9264955049329037,11015.59228803985,4214.148979921463,0.0031134412214367303,72476.72267843396,62940.59893744653,0.8721653184177199
target_word_shuffle,32,10,0.9313637395456864,11645.258601043266,4340.49009509515,0.0036472408767284524,73771.01224285457,63815.31942480719,0.86948514409974
target_word_shuffle,33,10,0.9343691108767265,11978.380292756445,4645.311764312384,0.004062782695627887,75300.54306632609,65314.3663124967,0.8734762783966868
target_word_shuffle,34,10,0.9369634250023435,12459.851779733825,4680.949769329849,0.004629258768816469,78471.81943777917,68420.84194932891,0.8777742077520185
target_word_shuffle,35,10,0.8848356739191731,14742.696485819735,5707.873861976056,0.004519944810351539,87936.41517113913,75747.81414380352,0.8672603835553744
target_word_shuffle,36,10,0.9032694733698877,16263.75323204297,5778.7690546206495,0.005475519639295612,89531.23445696243,76119.67389807271,0.8568635663976594
target_word_shuffle,37,10,0.9145740314920685,21330.075645569123,7122.628025329305,0.00592212377935718,98471.05655379579,79697.03610272883,0.81752511458966
target_word_shuffle,38,10,0.9037336950785964,23852.438612047474,7942.518598728623,0.006026709949192399,104817.57002397445,83568.92248882705,0.806133319574681
target_word_shuffle,39,10,0.900882746699674,26050.207934261256,8408.35797224297,0.006214987723000376,111720.97394759716,88469.64019335264,0.8004782900466048
target_word_shuffle,40,10,0.9039386309521039,29138.118789303768,8817.512786480258,0.006513978743645255,121976.81855473128,95763.3593049798,0.7920597290972796
target_word_shuffle,41,10,0.8700911759038452,30732.74793925153,8882.73039416221,0.005785782399545025,137849.18884320653,110294.87092568085,0.8047842004179298
target_word_shuffle,42,10,0.893000363465017,37387.3637548482,9938.085516339861,0.006222317729997795,150550.74665065508,116282.24631598245,0.777031381905142
target_word_shuffle,43,10,0.9164281724738875,38536.32353634948,8792.314124021012,0.007065180490258005,156235.64713889494,121323.82886103545,0.7796303621648185
target_word_shuffle,44,10,0.9430012859065932,42886.94925726841,8377.013730576851,0.00765999931517124,168575.01155333506,129610.20060096003,0.7709734771261916
target_word_shuffle,45,10,0.9563092266924117,43498.53967163056,7634.719735282274,0.007785926289143319,181688.89224954788,142891.70518871295,0.7875317981850971
target_word_shuffle,46,10,0.9506300967220659,37109.55223569417,6987.992610839766,0.007463382296316712,191242.49124325957,160746.03504206156,0.8402018638670805
target_word_shuffle,47,10,0.8887382243710528,36194.90350005209,10590.441352364269,0.006559145101039043,213519.04421794548,186227.88073744252,0.8738982674828051
target_word_shuffle,48,10,0.9772454929148094,75.29152894381784,13.412581804072243,0.128544659270705,140.8237390525212,147.92585849828683,1.054507496376933
target_sentence_shuffle,0,10,0.9999061243924283,8.606240060749366,3.0260165899570364,0.011692187141725974,59.82423624170758,59.59164820557362,0.9961123903049994
target_sentence_shuffle,1,10,0.9964187113311093,111.84016830691573,31.31808388991292,0.008812992711440504,910.5407437910746,866.2562001864313,0.9302169207632234
target_sentence_shuffle,2,10,0.9956988198176446,120.9713297462821,18.625636465130984,0.008482655597484557,906.8227722816058,880.3140121800488,0.953465767599649
target_sentence_shuffle,3,10,0.989688672124822,162.2194878014127,36.87910535554108,0.013222668426802009,929.3548729994715,817.6400796580459,0.8754709089998318
target_sentence_shuffle,4,10,0.9934871885914173,173.40225745753014,26.69007827561189,0.016533587747248467,800.9580039525108,686.9454807110855,0.859085243225563
target_sentence_shuffle,5,10,0.996966241074882,137.57983491629153,22.176745307752146,0.0063136220106406295,1087.0207571524818,1014.9950055879392,0.9336810591619976
target_sentence_shuffle,6,10,0.9907383869944102,184.61404522775203,76.00284100371105,0.007061212142861917,1218.1834008003839,1116.7269469157477,0.9240639616048181
target_sentence_shuffle,7,10,0.9857691287932078,219.85873079707488,86.97254884047703,0.007319979538531929,1350.3603234671177,1199.390048438072,0.8939757046286623
target_sentence_shuffle,8,10,0.9770876082816421,311.6318517986269,187.8909415284117,0.0032689815312762715,2225.0848579210024,1970.0619889257473,0.8960904267288626
target_sentence_shuffle,9,10,0.9911509585022209,579.7794181516599,217.48773926863018,0.001818968687944067,3354.510202731537,2805.749785990272,0.8413028500903217
target_sentence_shuffle,10,10,0.9640969906164906,569.7825336318879,381.35514339342933,0.001994638323911002,3657.3479357314086,3133.377842562315,0.8673820627782834
target_sentence_shuffle,11,10,0.9731744903415546,895.6731813552349,396.85471999369446,0.0007595404672419926,6965.661342864386,6111.813044569132,0.8804036457784932
target_sentence_shuffle,12,10,0.9507343519392328,1176.4785860417928,591.9303500431625,0.0009813780853233256,7512.294512429258,6377.865444106415,0.8554400800007109
target_sentence_shuffle,13,10,0.9638881695817628,1508.0471697059727,460.4470294928918,0.0010992909420834973,8562.548833752118,7098.907949634132,0.8298160315872115
target_sentence_shuffle,14,10,0.9645122472302396,2074.7570329437476,649.0939347839386,0.0004542412889570246,14885.943956664278,12854.072048270727,0.8657356838561651
target_sentence_shuffle,15,10,0.9001149915299407,2234.450838902573,1025.5075881709008,0.0003427208275676996,19557.51659978144,17384.461924126685,0.8918735578745126
target_sentence_shuffle,16,10,0.6734235102311427,2333.141420804618,1093.0888782560216,0.00030292134054019646,24181.644193851746,22015.22744815342,0.911992324251289
target_sentence_shuffle,17,10,0.7410679787905626,2579.035717440296,1524.2488143976095,0.00032599064427850654,27305.902226299466,25141.212684381626,0.9269475478641496
target_sentence_shuffle,18,10,0.45389870212566635,3362.8893251474415,2081.7830684523638,0.0003674606217615839,32851.34611883441,29971.16930366746,0.9163812382256523
target_sentence_shuffle,19,10,0.5412699357632672,2793.451554822194,1580.3306850081913,0.0003547719095501556,36862.73850157917,36272.10496881821,0.9885902119119635
target_sentence_shuffle,20,10,0.638489256539212,2976.1057830129826,1886.007520787245,0.00039752352404830437,39706.55411198722,39642.01894533239,1.0037122934998495
target_sentence_shuffle,21,10,0.5538114090039327,3633.6936118389385,1774.8085710463738,0.0004110394281790941,43075.571627887744,44331.94416341775,1.0348518177169395
target_sentence_shuffle,22,10,0.7091604285592924,4483.69088196444,2100.2004115023187,0.00048153468366693983,48484.33877331056,51306.60709323848,1.0625606909982885
target_sentence_shuffle,23,10,0.7753245048595447,4570.177182263066,2590.0780032065354,0.000559200535985005,56085.747676633975,58757.94674389963,1.0544607078852664
target_sentence_shuffle,24,10,0.8798525872919407,3853.2207688621506,1712.6634661691835,0.0008075320953584653,62527.239254901746,62226.197914095676,0.9997288769498258
target_sentence_shuffle,25,10,0.926021129210535,3902.2627681204845,1152.1979063252675,0.0009416131083595624,65829.73737294166,64769.94680127606,0.9880444884202305
target_sentence_shuffle,26,10,0.9669339679462713,3530.4028220531713,680.1832500344008,0.0010870812331676637,66306.46510168762,66836.60134075854,1.010277297667941
target_sentence_shuffle,27,10,0.979503565512327,3938.001604823331,828.8764676879098,0.0014041065699506917,67944.04373530996,67502.58234949486,0.9959785180630846
target_sentence_shuffle,28,10,0.9528959319709276,5159.311797913051,1896.9860620340414,0.001842373266796382,69338.08379904262,66573.71343127944,0.9612485718534554
target_sentence_shuffle,29,10,0.9314470891732339,6983.348865654632,2731.1799180590524,0.002218222489783206,73726.94322133138,68796.30814502838,0.9349116134358351
target_sentence_shuffle,30,10,0.9293384840626809,7236.870213604106,2868.1104614151245,0.0027345803645128066,72719.962940257,68041.80820573309,0.9386727763806958
target_sentence_shuffle,31,10,0.8778964718065785,9792.147213815248,4514.234947360313,0.003224165014909963,73998.45059232737,66177.80217108587,0.8988650172821855
target_sentence_shuffle,32,10,0.885084070779943,10187.483951561579,4506.915452487246,0.003716520462326345,74993.64138002845,67033.52272025481,0.8985515907221702
target_sentence_shuffle,33,10,0.893087910365701,10380.280192138967,4502.844210598957,0.004174199776218279,76395.156142662,68663.82021684576,0.9041374354421684
target_sentence_shuffle,34,10,0.8976649458068232,10958.055424505128,4645.130673529114,0.004716491664670241,79956.38959148969,72154.45993461387,0.9080314651436259
target_sentence_shuffle,35,10,0.868319028736265,13451.33613630746,5742.342396305552,0.004515999773053459,90236.9081855289,79776.4887450081,0.8896706976871946
target_sentence_shuffle,36,10,0.8901224020306815,14485.384882901173,5793.049614846065,0.005508826597201211,91567.84012861522,80719.38292966105,0.888886434088653
target_sentence_shuffle,37,10,0.9103290034250759,18909.88162704641,7055.223518608924,0.005782918950483029,101073.42456694807,85414.35029095775,0.8542058733348099
target_sentence_shuffle,38,10,0.9107045527215654,21196.116611442678,7660.169889787441,0.005924002308444432,107987.73377034238,90048.87802960596,0.8429701758173034
target_sentence_shuffle,39,10,0.9099550240265639,23203.60058600235,8238.410668334012,0.00605332126861805,115401.21886257411,95606.25632331106,0.8372311204920517
target_sentence_shuffle,40,10,0.9096008473582445,25472.559884195445,8631.364232822942,0.006281032132747566,126024.19532107054,104130.4437228727,0.8328840124960903
target_sentence_shuffle,41,10,0.8965199558387518,27488.657043736785,8952.395750904532,0.005627484148389284,143087.94046934074,119435.37885809786,0.8394994348987629
target_sentence_shuffle,42,10,0.9014519897198384,32953.41458472448,10274.265178350446,0.005909235476210461,156267.78413182087,127035.49282451156,0.8173175993470398
target_sentence_shuffle,43,10,0.9194629669429843,34095.26399781212,9297.665792101747,0.006598546142790829,162247.76349167182,132407.32738068153,0.8188301345968847
target_sentence_shuffle,44,10,0.9360274141790169,37211.77160224877,8889.763092357314,0.0069512343628712284,174710.89888750156,142057.60020148318,0.8141198821234283
target_sentence_shuffle,45,10,0.9472882665590905,37420.49016729704,7902.434844634585,0.007341046526963757,187011.78094758734,155388.05540720758,0.8304048826011619
target_sentence_shuffle,46,10,0.9510152557462503,33209.24876980732,6654.650089014931,0.007312099913270709,196375.96015334188,171618.78150673042,0.8717752252964777
target_sentence_shuffle,47,10,0.8997839755060816,33559.9809114186,8687.605719165682,0.006617129673281352,218562.3782862594,196368.83548043546,0.8985059184713267
target_sentence_shuffle,48,10,0.9723724833061749,73.57267780953433,10.48117090991794,0.12203144094324307,146.51413779617485,145.23716059262793,0.9937686865213573
control,0,10,0.9999061243924283,8.606240060749366,3.0260165899570364,0.011692187141725974,59.82423624170758,59.59164820557362,0.9961123903049994
control,1,10,0.9952456012106565,115.12480303779189,31.111563100377086,0.009054956319757968,909.0438475079093,868.4290751837082,0.9320042129679432
control,2,10,0.9939641164512842,122.87770931958994,18.9249273212785,0.008713032782758479,901.6867341821933,875.8129234694192,0.953753559912232
control,3,10,0.9912759390201358,169.93169043377125,34.40309964548778,0.012798624440438378,946.6889218584756,825.1647804812807,0.8679687036887419
control,4,10,0.9936914526349767,170.49454974638599,27.59249414397645,0.01562521473189985,803.263090352445,691.338428746327,0.8622025646629166
control,5,10,0.9966976635629743,134.94723580015034,22.590178872457944,0.006109518563198279,1060.2030727319298,989.4283315343868,0.9332189448707613
control,6,10,0.9929246951294595,177.21260104556436,66.96670942325257,0.006423545027152189,1194.832713793172,1085.7348778653256,0.9152946960148973
control,7,10,0.9859990456910933,224.03979220945743,90.75791218110975,0.008942328242640907,1333.2293767942217,1188.5715456297578,0.9041334473682182
control,8,10,0.9862636062334115,315.2680868303306,185.68609115028485,0.0034424047093791097,2188.9191837035196,1933.531851635355,0.8973086305090634
control,9,10,0.9746879260886664,553.088900108889,257.3852238645993,0.0018643784218486336,3370.412770558249,2853.046803246939,0.8542751396857569
control,10,10,0.9778932154979637,630.2363135979243,264.168927715502,0.0022917405870125475,3628.2459495639023,3040.609985734734,0.837963266280919
control,11,10,0.9872585427888751,922.1382156617262,341.652629147427,0.0008534850671296668,7005.507554445832,6126.596523458815,0.8765641515126493
control,12,10,0.9619637068808677,929.0923133854346,561.9285346285329,0.0011986905564985383,7186.589502923938,6322.194034847346,0.8872464681801636
control,13,10,0.975208943092973,1143.4551204501518,501.72634065179676,0.0012604448379339827,8280.835419882904,7205.142378334497,0.8748207285791457
control,14,10,0.9691867122946543,1748.4891912612293,688.6864188840133,0.0005678435330739417,14125.014182374876,12438.713049334543,0.8844295420464396
control,15,10,0.9196150606123482,1911.4166909980395,835.403298851335,0.00043701815361106843,18591.31727375852,16764.436663908215,0.9032223336121611
control,16,10,0.8004234161793651,1954.416975505165,1009.5386479438474,0.0004054642527247188,23004.705354289727,21210.130964050164,0.9233830173445507
control,17,10,0.8264155083064377,2839.5178452390005,1521.2954578781735,0.00040835432843492334,27100.967809608945,24885.110420456196,0.9282692689854158
control,18,10,0.6464250912643941,3330.998638457522,1654.6635655358666,0.000490437400815269,31394.377546704207,29076.38987809479,0.9367996719420987
control,19,10,0.5578722366680479,3030.9471008308255,1920.6122870503657,0.00047097168079366367,36083.622691448654,35315.374457089565,0.9891663090808178
control,20,10,0.5420600252048045,3705.5497328992947,1784.2962217223032,0.0005235932389888287,38159.29560766359,38263.25450802623,1.0155125679698114
control,21,10,0.4967237067953479,4497.15043407467,2714.1101797456517,0.0005487172745390123,41220.28597445758,43182.73567448031,1.0670108570178152
control,22,10,0.7162632946814423,4881.97069159875,2852.9118056397506,0.0006102936259420822,47166.21820665769,50157.717981080415,1.0804401020289949
control,23,10,0.7641198607670948,4836.685792757659,3713.2309749488713,0.0006671455146881056,55243.27023189971,58125.90499251186,1.070421722187258
control,24,10,0.9094949447670205,3893.749041960081,2499.6148616473397,0.0009436374403612669,60119.94792264324,59858.10530331491,1.0095693578577687
control,25,10,0.9425869826201817,4467.112709560128,1753.5200827965418,0.0010367729235560065,65012.84308783596,63528.783123017834,0.9885946655622153
control,26,10,0.9511249440815074,4274.330678648154,1533.554117222706,0.0011331446869117135,67233.36273022548,65569.35303752962,0.9810912698224797
control,27,10,0.9731060578876638,5006.665343788989,1894.5675956727396,0.0013613084229893379,69827.29895717298,66722.6154391174,0.9594550264894582
control,28,10,0.956984322934621,6900.175085048517,2460.1048666419106,0.001770918536221977,71198.82586501469,65845.75203315276,0.9273081018424765
control,29,10,0.9490041421310467,8683.343986537486,2822.3294961836623,0.002150899871370615,75222.9153505632,68045.4630750192,0.9056866492844586
control,30,10,0.9403584147704814,8822.350718769412,2953.39121151917,0.0026044946900076415,74138.5243332401,67123.40736327137,0.9058866140576898
control,31,10,0.9290401551237731,11877.98661567281,3537.0159150832487,0.0030669743644030634,76671.5893052559,66266.82580201079,0.8632573220348535
control,32,10,0.9145086014250026,12347.94511371622,3765.909310083444,0.003715472138402609,77458.68177805065,66853.40141876422,0.8626718513641165
control,33,10,0.9371212437666708,11795.174263594648,3167.341030757225,0.004173965570454796,78840.29843145865,69224.84730956839,0.8776020480936783
control,34,10,0.9466542136615109,12114.97315906749,2974.5503263754363,0.004915731359448716,81798.61355025167,72424.6072413946,0.8852595747833835
control,35,10,0.9418677196087241,13840.523302637628,3379.8989749878824,0.004858721228764029,90932.7040887558,80115.29850304192,0.8828476449754552
control,36,10,0.9445579392878258,14678.144159303916,3559.4250283468864,0.005933189790766002,91879.5697590423,80868.6987413602,0.8834373472711533
control,37,10,0.9417574632133607,18693.329163376187,4737.207274273721,0.006292526015479638,100765.82364073445,85545.91962214696,0.8541711928346221
control,38,10,0.9446333437814363,20743.411728731924,5184.669564824799,0.006529799897606214,106922.74573746315,89666.10849159767,0.843783609205002
control,39,10,0.947411541747146,23027.870928940338,5529.257486514356,0.006922033001560091,113944.07907410045,94682.13309277238,0.8364756855431231
control,40,10,0.9590453868491366,25825.98992759266,5698.037219223875,0.007250954228946583,124615.78382497653,102799.70930869925,0.8293816595769122
control,41,10,0.9559031770136724,26969.108451726574,5385.660728816835,0.006412913324796177,140587.88385446678,118001.7121579784,0.8421332763445057
control,42,10,0.9659706676663171,32657.41543238027,5329.215503228701,0.007036713935825956,152779.25529486692,124344.1509777288,0.8149880234483758
control,43,10,0.9696444264103217,33671.190980886924,4588.627427178848,0.007871684394268764,158816.72173541883,130050.59436032274,0.818881083583476
control,44,10,0.9797483855832069,36738.99936519012,3924.8848305961997,0.008308557653054615,171057.25921629462,139492.36538015422,0.8133172706709466
control,45,10,0.9801584585468194,37764.49610777417,4164.282355064332,0.008664298132314752,183777.54967906553,152346.5033205069,0.8258877492428478
control,46,10,0.9623139323093386,32413.255263898074,7399.805438543648,0.008328265879543606,193131.8741953859,170180.12446045305,0.876844348432457
control,47,10,0.8762229100825618,31992.97466249571,12665.061347826724,0.007318044415521618,213877.3050849656,195913.8375524346,0.9139555139034872
control,48,10,0.9323686565880681,79.6008917801177,22.404201187297517,0.1289481411671428,144.75639294686093,151.51810633126308,1.0536681441053761
question_only,0,10,0.9999061243924283,8.606240060749366,3.0260165899570364,0.011692187141725974,59.82423624170758,59.59164820557362,0.9961123903049994
question_only,1,10,0.9936570457182339,121.29220178630712,31.16319730783967,0.010329237645298273,905.0097474391447,871.4480768991823,0.942594225361602
question_only,2,10,0.9917685057233175,135.4355510917989,21.322145865581884,0.010252697208465989,885.2533640823946,874.6169911186738,0.9719542824591484
question_only,3,10,0.9901452824780145,138.5202476173096,32.11397695995518,0.010454125934731762,909.9406396023918,824.2838586287114,0.9027206789247038
question_only,4,10,0.9942417853863559,162.88736522291688,29.8460813651359,0.013719795441321524,792.7118857857693,684.9776670408834,0.8662845371486944
question_only,5,10,0.9920294668666122,159.23670359634917,33.47131032117433,0.005132165218751772,1210.1960119589346,1103.5236949660693,0.9107548458783077
question_only,6,10,0.9903783715470652,170.32340877571903,47.55450401826068,0.006469710153281893,1239.7699803888147,1152.5575987115958,0.9349615316115306
question_only,7,10,0.9682489348330656,243.30662874527988,111.85546514855658,0.007735746647653063,1409.0827032559114,1241.9820938491098,0.8895824424059535
question_only,8,10,0.9531461015326347,324.7352333118294,208.8800964013711,0.004126180922571232,2244.92490305953,2007.1340826097135,0.9079336059646488
question_only,9,10,0.9570310540170157,588.2552077605674,232.48084312646554,0.0021184135559804695,3566.280251906022,3021.257253893849,0.8499734835352702
question_only,10,10,0.9323509743408315,590.2982875126451,290.7173810354893,0.0025592090667954648,3888.7339355125214,3396.90654539097,0.8781672173811816
question_only,11,10,0.9644738144844768,873.7632789989436,493.0873508057405,0.0011448128389369594,7298.104597702046,6510.793149154617,0.9003881070360386
question_only,12,10,0.8802707007002599,909.8061994660023,661.5063184536607,0.0014604101722886398,7573.283004919683,6878.853939658991,0.9221300966488168
question_only,13,10,0.8566558523807272,1125.0960695593171,434.70421533027326,0.0014039467147118124,8861.126502310659,7971.0014549342495,0.9046859107216132
question_only,14,10,0.8624941222312019,1614.9331623563746,823.407429956446,0.0006982803427902917,14931.307838974919,13461.14488535652,0.9064197984718885
question_only,15,10,0.8449898454903515,1578.3082823091006,826.7925555437695,0.0005217683284404195,19537.98075396687,18146.0828601037,0.9307801457937659
question_only,16,10,0.7142592963260017,2299.2041279347422,1132.6857392746517,0.00047183788900702074,24220.087818901513,22157.34863550177,0.9170588356339788
question_only,17,10,0.651774478077539,3329.061422306643,1801.3504638251536,0.0005231334320744075,27615.28457126778,24569.66144416037,0.8964234198656884
question_only,18,10,0.7850833669821722,2606.0821563723775,1160.0254935813202,0.0005299692795443734,31867.229883010732,30048.757677444948,0.9472293648460337
question_only,19,10,0.7332564560817536,2940.773419500074,1242.2920448689706,0.0005228896163801289,36263.44356314994,36976.22434147311,1.02436475256753
question_only,20,10,0.7128953992456829,3600.241121517013,1773.5434607383017,0.0005456929962657675,39208.78825803264,40922.50475349857,1.0483693810635129
question_only,21,10,0.6956442752842716,4245.127336211213,2032.5795761770883,0.0005612159679689976,42424.16288696638,44486.42566065275,1.0551576637959597
question_only,22,10,0.811740264094781,5544.786947440301,2216.425961203997,0.0006045593361420631,47654.05991633031,51383.7135933366,1.0830927413808675
question_only,23,10,0.8583130734640818,5819.5448862572775,1949.743873795645,0.0007547256141780867,53575.86357066635,57379.83184749323,1.0752340102649232
question_only,24,10,0.9343852239530297,4144.407217052228,1025.5201691956825,0.000943911743421677,60274.10999979156,59207.94262915854,0.9885829728495115
question_only,25,10,0.8891362257946251,6433.045025269797,1842.5636428707637,0.0010313385951694841,66699.26024019431,63231.31415333344,0.9582163831774226
question_only,26,10,0.898139419524016,5859.40332311643,2257.31133932296,0.0011789106377342207,67820.96125770276,64885.86605158842,0.9646471398471403
question_only,27,10,0.8426499829713867,8357.85804582208,4535.892198037916,0.0015642921739733918,70262.4601128374,64404.40290705409,0.9276281096483677
question_only,28,10,0.7542244130236534,10436.46983725678,6023.941642676866,0.0021110700190928753,71813.85723393764,63105.61242066194,0.8874038980648944
question_only,29,10,0.7293002966382888,12399.126384859854,6724.019217401549,0.0026553035115290725,75537.89385470301,64693.05169190199,0.8631777957560477
question_only,30,10,0.7240065079622273,12891.070616749927,6922.880197256481,0.0031926746554229333,75153.44858225304,64169.389232010835,0.8617073737925812
question_only,31,10,0.7577736233957898,17650.918505738948,8032.042853875738,0.00367918902314216,79040.84609607223,62633.72111494288,0.79923911214873
question_only,32,10,0.7503484106600081,18459.04323461001,8132.31074247213,0.004478528484821398,80214.56695704287,63222.17534045984,0.7953282070408466
question_only,33,10,0.7248952433638276,19579.990945155307,9251.288723982285,0.00513174262933781,81884.48098703004,63937.20536327556,0.7909594763947253
question_only,34,10,0.7016817172659656,20629.9387242605,10009.183320843633,0.005903586769431724,85340.56188286084,66640.9094902726,0.7921913032965616
question_only,35,10,0.6142880986536372,22727.07485848871,11438.27354523356,0.0058606707474585075,94923.85232177845,74495.61676896433,0.7964500303138655
question_only,36,10,0.7097443690700721,23889.96582954739,10717.585582963906,0.006778189354621977,96940.46701653264,75560.67581142901,0.7906335820992026
question_only,37,10,0.7567191975597891,29553.26077924992,12012.227677902687,0.007429250038207347,106499.31763587857,79348.63204753477,0.7570879500484489
question_only,38,10,0.7921898910905619,31970.77546490424,12237.746881923136,0.0076120774299814455,113633.45250067697,84212.59598252163,0.752694249276054
question_only,39,10,0.7896756013909504,34468.98842665575,13174.335409206518,0.007778465925528189,120703.56491721279,89002.45952695636,0.7497072020526778
question_only,40,10,0.7762143886305503,37549.51704655545,14261.494321415237,0.00801004367792183,130993.20809095938,96434.12673933925,0.7474271859441871
question_only,41,10,0.7355970016628086,38928.42435069852,14366.887203231954,0.007199899687411937,146378.59341501794,110817.65182892943,0.7655988410417435
question_only,42,10,0.7779668722013973,46588.87077255852,14826.437792446077,0.0076639531609925095,159322.31324094807,115941.15677564,0.7345777324926498
question_only,43,10,0.7880727126655529,48217.8983158856,14204.29583333227,0.00853261530456827,164681.2303715919,120110.39876905899,0.7345924434381595
question_only,44,10,0.8201499653559754,53999.87064640249,14270.496711832611,0.009410331486051127,176978.47449211383,126904.6795558864,0.7207577748222789
question_only,45,10,0.8494815754179128,54152.00286769958,13493.338492414221,0.00942334782364287,188924.90246788933,139382.70940354312,0.7403517008286984
question_only,46,10,0.8910924165281955,43961.510083455956,9839.210099240892,0.009036602718217535,196858.17105853936,159718.38965540365,0.8115745387616575
question_only,47,10,0.7809126345765283,46604.20968339169,15245.230673897511,0.008323839037860482,216289.0441403436,177945.66542327698,0.8263916007285772
question_only,48,10,0.9029709860413645,91.19700152435705,30.83363911606235,0.1394342899702663,148.52066628529053,170.02323495724391,1.1648066309629312
